sample_id,target
ID1001187975__Dry_Clover_g,0.0001836252340581268
ID1001187975__Dry_Dead_g,17.005958557128906
ID1001187975__Dry_Green_g,31.306974411010742
ID1001187975__Dry_Total_g,48.73649597167969
ID1001187975__GDM_g,27.792139053344727
