sample_id,target
ID1001187975__Dry_Clover_g,1.2495366334915161
ID1001187975__Dry_Dead_g,2.1359496116638184
ID1001187975__Dry_Green_g,2.8545186519622803
ID1001187975__Dry_Total_g,6.423885345458984
ID1001187975__GDM_g,4.913447856903076
